Metric,Score
Accuracy,0.8933333333333333
F1 Score,0.756468797564688
ROC AUC,0.9375497288607775
