Metric,Score
Accuracy,0.894
F1 Score,0.7140287769784173
ROC AUC,0.8116371358717791
