Metric,Score
Accuracy,0.9056666666666666
F1 Score,0.7270973963355835
ROC AUC,0.8059979624845828
