Metric,Score
Accuracy,0.874
F1 Score,0.7315340909090909
ROC AUC,0.9374854828791519
