Metric,Score
Accuracy,0.8806666666666667
F1 Score,0.7375366568914956
ROC AUC,0.935990881306608
