Metric,Score
Accuracy,0.906
F1 Score,0.7298850574712644
ROC AUC,0.9376648068278652
