Metric,Score
Accuracy,0.905
F1 Score,0.7251687560270009
ROC AUC,0.9373873489072182
