Metric,Score
Accuracy,0.8673333333333333
F1 Score,0.7220670391061452
ROC AUC,0.937016699013224
