Metric,Score
Accuracy,0.908
F1 Score,0.7490909090909091
ROC AUC,0.8300086626175225
