Metric,Score
Accuracy,0.878
F1 Score,0.7324561403508771
ROC AUC,0.9362923432203898
