Metric,Score
Accuracy,0.905
F1 Score,0.7272727272727273
ROC AUC,0.9374131178998482
