Metric,Score
Accuracy,0.8716666666666667
F1 Score,0.7282992237120678
ROC AUC,0.9373668749130737
