Metric,Score
Accuracy,0.836
F1 Score,0.6564245810055865
ROC AUC,0.8875338791653105
