Metric,Score
Accuracy,0.904
F1 Score,0.7391304347826086
ROC AUC,0.8249438200660676
