Metric,Score
Accuracy,0.9056666666666666
F1 Score,0.7362534948741846
ROC AUC,0.9373005109320538
